-- Datos de ejemplo realistas y coherentes (167+ tuplas totales)

INSERT INTO departamento (id_departamento, nombre, edificio, telefono) VALUES
    (1, 'Computacion', 'Edificio A', '55-5729-6001'),
    (2, 'Matematicas', 'Edificio B', '55-5729-6002'),
    (3, 'Sistemas', 'Edificio C', '55-5729-6003'),
    (4, 'Inteligencia Artificial', 'Edificio D', '55-5729-6004'),
    (5, 'Gestion Academica', 'Edificio E', '55-5729-6005');

INSERT INTO carrera (id_carrera, nombre, nivel, creditos_totales, id_departamento) VALUES
    (1, 'Ingenieria en Sistemas Computacionales', 'Licenciatura', 320, 1),
    (2, 'Ingenieria en Inteligencia Artificial', 'Licenciatura', 330, 4),
    (3, 'Ciencia de Datos', 'Licenciatura', 315, 4),
    (4, 'Ingenieria de Software', 'Licenciatura', 325, 3),
    (5, 'Seguridad Informatica', 'Licenciatura', 310, 1);

INSERT INTO profesor (id_profesor, nombre, correo, grado, salario, id_departamento, id_supervisor) VALUES
    (1, 'Dra. Ana Torres', 'ana.torres@ipn.mx', 'Doctorado', 42000, 1, NULL),
    (2, 'Mtro. Luis Ramirez', 'luis.ramirez@ipn.mx', 'Maestria', 36000, 1, 1),
    (3, 'Dra. Sofia Aguilar', 'sofia.aguilar@ipn.mx', 'Doctorado', 44000, 4, NULL),
    (4, 'Mtro. Carlos Vega', 'carlos.vega@ipn.mx', 'Maestria', 34000, 2, 1),
    (5, 'Dra. Maria Castillo', 'maria.castillo@ipn.mx', 'Doctorado', 43000, 3, NULL),
    (6, 'Ing. Roberto Diaz', 'roberto.diaz@ipn.mx', 'Licenciatura', 29000, 3, 5),
    (7, 'Dra. Elena Navarro', 'elena.navarro@ipn.mx', 'Doctorado', 45000, 4, 3),
    (8, 'Mtro. Jorge Pineda', 'jorge.pineda@ipn.mx', 'Maestria', 35500, 1, 1),
    (9, 'Dra. Paola Herrera', 'paola.herrera@ipn.mx', 'Doctorado', 41000, 2, 4),
    (10, 'Mtro. Daniel Cruz', 'daniel.cruz@ipn.mx', 'Maestria', 33500, 5, 5),
    (11, 'Ing. Ricardo Mora', 'ricardo.mora@ipn.mx', 'Licenciatura', 28000, 1, 2),
    (12, 'Dra. Valeria Soto', 'valeria.soto@ipn.mx', 'Doctorado', 46000, 4, 3);

INSERT INTO estudiante (id_estudiante, nombre, correo, edad, semestre, promedio, id_carrera, id_tutor) VALUES
    (1, 'Julio Milan', 'julio.milan@alumno.ipn.mx', 20, 5, 9.1, 1, 1),
    (2, 'Fernanda Lopez', 'fernanda.lopez@alumno.ipn.mx', 21, 6, 8.8, 1, 2),
    (3, 'Diego Martinez', 'diego.martinez@alumno.ipn.mx', 20, 5, 8.6, 1, 1),
    (4, 'Andrea Gomez', 'andrea.gomez@alumno.ipn.mx', 22, 7, 9.4, 2, 3),
    (5, 'Emiliano Ruiz', 'emiliano.ruiz@alumno.ipn.mx', 19, 3, 7.9, 3, 7),
    (6, 'Natalia Perez', 'natalia.perez@alumno.ipn.mx', 21, 6, 8.7, 3, 3),
    (7, 'Santiago Flores', 'santiago.flores@alumno.ipn.mx', 23, 8, 8.1, 4, 5),
    (8, 'Camila Sanchez', 'camila.sanchez@alumno.ipn.mx', 20, 4, 9.0, 4, 6),
    (9, 'Mateo Hernandez', 'mateo.hernandez@alumno.ipn.mx', 18, 2, 7.5, 5, 10),
    (10, 'Valentina Castro', 'valentina.castro@alumno.ipn.mx', 22, 7, 8.9, 5, 10),
    (11, 'Sebastian Morales', 'sebastian.morales@alumno.ipn.mx', 19, 3, 8.3, 1, 8),
    (12, 'Regina Ortega', 'regina.ortega@alumno.ipn.mx', 20, 5, 9.2, 2, 7),
    (13, 'Leonardo Reyes', 'leonardo.reyes@alumno.ipn.mx', 21, 6, 7.8, 3, NULL),
    (14, 'Ximena Vargas', 'ximena.vargas@alumno.ipn.mx', 18, 2, 8.4, 4, NULL),
    (15, 'Pablo Medina', 'pablo.medina@alumno.ipn.mx', 22, 8, 8.0, 5, 11),
    (16, 'Renata Rojas', 'renata.rojas@alumno.ipn.mx', 20, 4, 9.5, 2, 12),
    (17, 'Bruno Salazar', 'bruno.salazar@alumno.ipn.mx', 23, 8, 6.9, 1, 2),
    (18, 'Lucia Fuentes', 'lucia.fuentes@alumno.ipn.mx', 21, 6, 8.2, 3, 3),
    (19, 'Ivan Campos', 'ivan.campos@alumno.ipn.mx', 19, 3, 7.2, 4, 6),
    (20, 'Mariana Nunez', 'mariana.nunez@alumno.ipn.mx', 18, 1, 8.6, 2, NULL);

INSERT INTO curso (id_curso, nombre, creditos, tipo, area, id_departamento) VALUES
    (1, 'Bases de Datos', 8, 'Obligatorio', 'Base de Datos', 1),
    (2, 'Algoritmos y Estructuras', 8, 'Obligatorio', 'Programacion', 1),
    (3, 'Calculo Vectorial', 7, 'Obligatorio', 'Matematicas', 2),
    (4, 'Algebra Lineal', 7, 'Obligatorio', 'Matematicas', 2),
    (5, 'Redes de Computadoras', 8, 'Obligatorio', 'Redes', 3),
    (6, 'Sistemas Operativos', 8, 'Obligatorio', 'Sistemas', 3),
    (7, 'Inteligencia Artificial', 8, 'Optativo', 'IA', 4),
    (8, 'Aprendizaje Automatico', 8, 'Optativo', 'IA', 4),
    (9, 'Seguridad Web', 6, 'Optativo', 'Seguridad', 1),
    (10, 'Mineria de Datos', 6, 'Optativo', 'Base de Datos', 4),
    (11, 'Administracion de Proyectos', 5, 'Optativo', 'Gestion', 5),
    (12, 'Programacion Web', 6, 'Optativo', 'Programacion', 1),
    (13, 'Arquitectura de Computadoras', 7, 'Obligatorio', 'Hardware', 3),
    (14, 'Criptografia', 6, 'Optativo', 'Seguridad', 1),
    (15, 'Etica Profesional', 4, 'Obligatorio', 'Humanidades', 5);

INSERT INTO aula (id_aula, clave, edificio, capacidad, tipo, tiene_proyector) VALUES
    (1, 'A101', 'Edificio A', 35, 'Laboratorio', TRUE),
    (2, 'A102', 'Edificio A', 40, 'Laboratorio', TRUE),
    (3, 'B201', 'Edificio B', 45, 'Teorica', TRUE),
    (4, 'B202', 'Edificio B', 50, 'Teorica', FALSE),
    (5, 'C301', 'Edificio C', 30, 'Laboratorio', TRUE),
    (6, 'C302', 'Edificio C', 32, 'Laboratorio', TRUE),
    (7, 'D401', 'Edificio D', 25, 'Laboratorio IA', TRUE),
    (8, 'D402', 'Edificio D', 30, 'Laboratorio IA', TRUE),
    (9, 'E501', 'Edificio E', 60, 'Auditorio', TRUE),
    (10, 'E502', 'Edificio E', 28, 'Seminario', FALSE);

INSERT INTO grupo (id_grupo, id_curso, id_profesor, id_aula, periodo, cupo, horario) VALUES
    (1, 1, 1, 1, '2026-2', 35, 'Lun-Mie 08:00'),
    (2, 2, 1, 2, '2026-2', 35, 'Mar-Jue 08:00'),
    (3, 3, 4, 3, '2026-2', 40, 'Lun-Mie 10:00'),
    (4, 4, 9, 4, '2026-2', 40, 'Mar-Jue 10:00'),
    (5, 5, 5, 5, '2026-2', 30, 'Lun-Mie 12:00'),
    (6, 6, 5, 6, '2026-2', 30, 'Mar-Jue 12:00'),
    (7, 7, 3, 7, '2026-2', 25, 'Vie 08:00'),
    (8, 8, 7, 8, '2026-2', 25, 'Vie 10:00'),
    (9, 9, 10, 1, '2026-2', 35, 'Lun 14:00'),
    (10, 10, 3, 2, '2026-2', 35, 'Mie 14:00'),
    (11, 11, 6, 9, '2026-2', 50, 'Jue 16:00'),
    (12, 12, 1, 2, '2026-2', 35, 'Vie 12:00'),
    (13, 13, 8, 5, '2026-2', 30, 'Lun 16:00'),
    (14, 14, 10, 6, '2026-2', 30, 'Mie 16:00'),
    (15, 15, 6, 10, '2026-2', 28, 'Vie 16:00'),
    (16, 1, 2, 1, '2026-1', 35, 'Lun-Mie 09:00'),
    (17, 2, 11, 2, '2026-1', 35, 'Mar-Jue 09:00'),
    (18, 12, 1, 2, '2026-1', 35, 'Vie 09:00'),
    (19, 5, 8, 5, '2026-1', 30, 'Sab 08:00'),
    (20, 8, 12, 8, '2026-2', 25, 'Sab 10:00');

INSERT INTO inscripcion (id_inscripcion, id_estudiante, id_grupo, fecha, calificacion, estado) VALUES
    (1, 1, 1, '2026-02-10', 9.4, 'Aprobado'),
    (2, 1, 2, '2026-02-10', 9.0, 'Aprobado'),
    (3, 1, 3, '2026-02-10', 8.8, 'Aprobado'),
    (4, 1, 4, '2026-02-10', 8.6, 'Aprobado'),
    (5, 1, 5, '2026-02-10', 8.9, 'Aprobado'),
    (6, 1, 6, '2026-02-10', 9.1, 'Aprobado'),
    (7, 2, 1, '2026-02-10', 8.6, 'Aprobado'),
    (8, 2, 2, '2026-02-10', 8.4, 'Aprobado'),
    (9, 2, 3, '2026-02-10', 8.2, 'Aprobado'),
    (10, 2, 4, '2026-02-10', 8.1, 'Aprobado'),
    (11, 2, 5, '2026-02-10', 8.0, 'Aprobado'),
    (12, 2, 6, '2026-02-10', 8.5, 'Aprobado'),
    (13, 3, 1, '2026-02-10', 8.2, 'Aprobado'),
    (14, 3, 2, '2026-02-10', 8.0, 'Aprobado'),
    (15, 3, 3, '2026-02-10', 7.8, 'Aprobado'),
    (16, 3, 4, '2026-02-10', 8.1, 'Aprobado'),
    (17, 3, 5, '2026-02-10', 8.3, 'Aprobado'),
    (18, 3, 6, '2026-02-10', 8.4, 'Aprobado'),
    (19, 1, 10, '2026-02-11', 8.3, 'Aprobado'),
    (20, 2, 10, '2026-02-11', 8.6, 'Aprobado'),
    (21, 3, 10, '2026-02-11', 8.9, 'Aprobado'),
    (22, 6, 10, '2026-02-11', 8.3, 'Aprobado'),
    (23, 12, 10, '2026-02-11', 8.6, 'Aprobado'),
    (24, 16, 10, '2026-02-11', 8.3, 'Aprobado'),
    (25, 18, 10, '2026-02-11', 8.9, 'Aprobado'),
    (26, 4, 7, '2026-02-12', 8.2, 'Aprobado'),
    (27, 6, 7, '2026-02-12', 9.0, 'Aprobado'),
    (28, 8, 7, '2026-02-12', 8.2, 'Aprobado'),
    (29, 12, 7, '2026-02-12', 8.2, 'Aprobado'),
    (30, 16, 7, '2026-02-12', 8.2, 'Aprobado'),
    (31, 20, 7, '2026-02-12', 8.2, 'Aprobado'),
    (32, 4, 8, '2026-02-12', 8.5, 'Aprobado'),
    (33, 6, 8, '2026-02-12', 8.0, 'Aprobado'),
    (34, 12, 8, '2026-02-12', 8.0, 'Aprobado'),
    (35, 16, 8, '2026-02-12', 8.5, 'Aprobado'),
    (36, 4, 1, '2026-02-13', 8.2, 'Aprobado'),
    (37, 4, 2, '2026-02-13', 8.6, 'Aprobado'),
    (38, 4, 3, '2026-02-13', 8.9, 'Aprobado'),
    (39, 4, 10, '2026-02-13', 8.6, 'Aprobado'),
    (40, 5, 1, '2026-02-13', 8.6, 'Aprobado'),
    (41, 5, 2, '2026-02-13', 8.9, 'Aprobado'),
    (42, 5, 3, '2026-02-13', 5.9, 'Reprobado'),
    (43, 6, 1, '2026-02-13', 8.9, 'Aprobado'),
    (44, 6, 2, '2026-02-13', 6.5, 'Aprobado'),
    (45, 6, 12, '2026-02-13', 7.2, 'Aprobado'),
    (46, 7, 1, '2026-02-13', 6.5, 'Aprobado'),
    (47, 7, 5, '2026-02-13', 7.9, 'Aprobado'),
    (48, 7, 6, '2026-02-13', 8.2, 'Aprobado'),
    (49, 7, 11, '2026-02-13', 7.2, 'Aprobado'),
    (50, 7, 13, '2026-02-13', 7.9, 'Aprobado'),
    (51, 8, 2, '2026-02-13', 7.2, 'Aprobado'),
    (52, 8, 3, '2026-02-13', 7.5, 'Aprobado'),
    (53, 8, 4, '2026-02-13', 7.9, 'Aprobado'),
    (54, 8, 12, '2026-02-13', 7.9, 'Aprobado'),
    (55, 9, 1, '2026-02-13', 7.2, 'Aprobado'),
    (56, 9, 3, '2026-02-13', 7.9, 'Aprobado'),
    (57, 9, 4, '2026-02-13', 8.2, 'Aprobado'),
    (58, 9, 9, '2026-02-13', 7.2, 'Aprobado'),
    (59, 9, 15, '2026-02-13', 6.5, 'Aprobado'),
    (60, 10, 1, '2026-02-13', 7.5, 'Aprobado'),
    (61, 10, 5, '2026-02-13', 8.9, 'Aprobado'),
    (62, 10, 6, '2026-02-13', 6.5, 'Aprobado'),
    (63, 10, 9, '2026-02-13', 7.5, 'Aprobado'),
    (64, 10, 14, '2026-02-13', 6.5, 'Aprobado'),
    (65, 11, 1, '2026-02-13', 7.9, 'Aprobado'),
    (66, 11, 2, '2026-02-13', 8.2, 'Aprobado'),
    (67, 11, 12, '2026-02-13', 8.9, 'Aprobado'),
    (68, 11, 13, '2026-02-13', 6.5, 'Aprobado'),
    (69, 12, 1, '2026-02-13', 8.2, 'Aprobado'),
    (70, 12, 2, '2026-02-13', 8.6, 'Aprobado'),
    (71, 13, 3, '2026-02-13', 6.5, 'Aprobado'),
    (72, 13, 4, '2026-02-13', 6.8, 'Aprobado'),
    (73, 13, 10, '2026-02-13', 8.9, 'Aprobado'),
    (74, 13, 11, '2026-02-13', 6.5, 'Aprobado'),
    (75, 14, 2, '2026-02-13', 6.5, 'Aprobado'),
    (76, 14, 4, '2026-02-13', 7.2, 'Aprobado'),
    (77, 14, 12, '2026-02-13', 7.2, 'Aprobado'),
    (78, 15, 5, '2026-02-13', 7.9, 'Aprobado'),
    (79, 15, 6, '2026-02-13', 8.2, 'Aprobado'),
    (80, 15, 9, '2026-02-13', 6.5, 'Aprobado'),
    (81, 15, 14, '2026-02-13', 8.2, 'Aprobado'),
    (82, 15, 15, '2026-02-13', 8.6, 'Aprobado'),
    (83, 16, 1, '2026-02-13', 6.8, 'Aprobado'),
    (84, 16, 2, '2026-02-13', 7.2, 'Aprobado'),
    (85, 16, 12, '2026-02-13', 7.9, 'Aprobado'),
    (86, 17, 1, '2026-02-13', 7.2, 'Aprobado'),
    (87, 17, 2, '2026-02-13', 7.5, 'Aprobado'),
    (88, 17, 3, '2026-02-13', 5.7, 'Reprobado'),
    (89, 18, 1, '2026-02-13', 7.5, 'Aprobado'),
    (90, 18, 2, '2026-02-13', 7.9, 'Aprobado'),
    (91, 18, 11, '2026-02-13', 8.2, 'Aprobado'),
    (92, 19, 3, '2026-02-13', 8.6, 'Aprobado'),
    (93, 19, 4, '2026-02-13', 8.9, 'Aprobado'),
    (94, 19, 12, '2026-02-13', 8.9, 'Aprobado'),
    (95, 19, 15, '2026-02-13', 7.2, 'Aprobado'),
    (96, 20, 8, '2026-02-13', 7.9, 'Aprobado'),
    (97, 1, 16, '2025-08-20', 9.1, 'Aprobado'),
    (98, 2, 17, '2025-08-20', 8.2, 'Aprobado'),
    (99, 3, 18, '2025-08-20', 8.7, 'Aprobado'),
    (100, 7, 19, '2025-08-20', 7.8, 'Aprobado'),
    (101, 11, 16, '2025-08-20', 8.0, 'Aprobado'),
    (102, 15, 17, '2025-08-20', 7.2, 'Aprobado');
